<?xml version="1.0" encoding="UTF-8"?>
<project-private xmlns="http://www.netbeans.org/ns/project-private/1">
    <editor-bookmarks xmlns="http://www.netbeans.org/ns/editor-bookmarks/2" lastBookmarkId="0"/>
    <open-files xmlns="http://www.netbeans.org/ns/projectui-open-files/2">
        <group>
            <file>file:/C:/Users/prasad/Documents/NetBeansProjects/loginejb/loginejb-ejb/src/java/com/projlogin/loginex.java</file>
            <file>file:/C:/Users/prasad/Documents/NetBeansProjects/loginejb/loginejb-ejb/src/java/bankexamp/BankTransact.java</file>
            <file>file:/C:/Users/prasad/Documents/NetBeansProjects/loginejb/loginejb-ejb/src/java/bankexamp/BankTransactLocal.java</file>
            <file>file:/C:/Users/prasad/Documents/NetBeansProjects/loginejb/loginejb-ejb/src/java/com/projlogin/Bank.java</file>
            <file>file:/C:/Users/prasad/Documents/NetBeansProjects/loginejb/loginejb-ejb/test/com/projlogin/BankTest.java</file>
            <file>file:/C:/Users/prasad/Documents/NetBeansProjects/loginejb/loginejb-ejb/nbproject/build-impl.xml</file>
        </group>
    </open-files>
</project-private>
