<?xml version="1.0" encoding="UTF-8"?>
<project-private xmlns="http://www.netbeans.org/ns/project-private/1">
    <editor-bookmarks xmlns="http://www.netbeans.org/ns/editor-bookmarks/2" lastBookmarkId="0"/>
    <open-files xmlns="http://www.netbeans.org/ns/projectui-open-files/2">
        <group>
            <file>file:/C:/Users/prasad/Documents/NetBeansProjects/loginejb/loginejb-war/web/WEB-INF/web.xml</file>
            <file>file:/C:/Users/prasad/Documents/NetBeansProjects/loginejb/loginejb-war/web/index.jsp</file>
            <file>file:/C:/Users/prasad/Documents/NetBeansProjects/loginejb/loginejb-war/src/java/OpenAccount.java</file>
            <file>file:/C:/Users/prasad/Documents/NetBeansProjects/loginejb/loginejb-war/nbproject/build-impl.xml</file>
            <file>file:/C:/Users/prasad/Documents/NetBeansProjects/loginejb/loginejb-war/src/java/LoginServlet.java</file>
            <file>file:/C:/Users/prasad/Documents/NetBeansProjects/loginejb/loginejb-war/web/operationprocess.jsp</file>
            <file>file:/C:/Users/prasad/Documents/NetBeansProjects/loginejb/loginejb-war/web/operation.jsp</file>
        </group>
    </open-files>
</project-private>
